GrammyAward,GrammyYear,Genre,Name,Artist
Record Of The Year,2018,General,this is America,Childish Gambino
Song Of The Year,2018,General,this is America,Childish Gambino
Best Pop Solo Performance,2018,Pop,Joanne (where Do you Think You're Goin'?),Lady Gaga
Best Pop Duo/Group Performance,2018,Pop,Shallow,Lady Gaga & Bradley Cooper
Best Dance Recording,2018,Dance/Electronic Music,Electricity,Silk City & Dua Lipa Featuring Diplo & Mark Ronson
Best Rock Performance,2018,Rock,when Bad Does Good,Chris Cornell
Best Metal Performance,2018,Rock,Electric Messiah,High on Fire
Best Rock Song,2018,Rock,Masseduction,St Vincent
Best R&B Performance,2018,R&B,Best Part,He.r. Featuring Daniel Caesar
Best Traditional R&B Performance,2018,R&B,How Deep is your Love,Pj Morton Featuring Yebba
Best R&B Song,2018,R&B,Boo'd Up,Ella Mai
Best Rap Performance,2018,Rap,Bubblin,Anderson Paak
Best Rap/Sung Performance,2018,Rap,this is America,Childish Gambino
Best Rap Song,2018,Rap,God's Plan,Drake
Best Country Solo Performance,2018,Country,Butterflies,Kacey Musgraves
Best Country Duo/Group Performance,2018,Country,Tequila,Dan   Shay
Best Country Song,2018,Country,Space Cowboy,Kacey Musgraves
Best Improvised Jazz Solo,2018,Jazz,Don't Fence Me in,"John Daversa, Soloistregina Carter, Soloistfred Hersch, Soloistbrad Mehldau, Soloistmiguel zenÃ³n, Soloist"
Best Gospel Performance/Song,2018,Gospel/Contemporary Christian Music,Never Alone,Tori Kelly Featuring Kirk Franklin
Best Contemporary Christian Music Performance/Song,2018,Gospel/Contemporary Christian Music,you Say,Lauren Daigle
Best American Roots Performance,2018,American Roots Music,The Joke,Brandi Carlile
Best American Roots Song,2018,American Roots Music,The Joke,Brandi Carlile
Best Song Written For Visual Media,2018,Composing/Arranging,Shallow,Lady Gaga & Bradley Cooper
Record Of The Year,2017,General,24k Magic,Bruno Mars
Song Of The Year,2017,General,That's What i Like,Bruno Mars
Best Pop Solo Performance,2017,Pop,Shape of you,Ed Sheeran
Best Pop Duo/Group Performance,2017,Pop,Feel it Still,Portugal the Man
Best Dance Recording,2017,Dance/Electronic Music,Tonite,Lcd Soundsystem
Best Rock Performance,2017,Rock,you Want it Darker,Leonard Cohen
Best Metal Performance,2017,Rock,Sultanâ€™s Curse,Mastodon
Best Rock Song,2017,Rock,Run,"Dave Grohl, Taylor Hawkins, Rami Jaffee, Nate Mendel, Chris Shiflett & Pat Smear), Songwriters (Foo Fighters"
Best R&B Performance,2017,R&B,That's What i Like,Bruno Mars
Best Traditional R&B Performance,2017,R&B,Redbone,Childish Gambino
Best R&B Song,2017,R&B,That's What i Like,Bruno Mars
Best Rap Performance,2017,Rap,Humble.,Kendrick Lamar
Best Rap/Sung Performance,2017,Rap,Loyalty.,Kendrick Lamar Featuring Rihanna
Best Rap Song,2017,Rap,Humble.,Kendrick Lamar
Best Country Solo Performance,2017,Country,Either Way,Chris Stapleton
Best Country Duo/Group Performance,2017,Country,Better Man,Little Big Town
Best Country Song,2017,Country,Broken Halos,Chris Stapleton
Best Improvised Jazz Solo,2017,Jazz,Miles Beyond,"John Mclaughlin, Soloist"
Best Gospel Performance/Song,2017,Gospel/Contemporary Christian Music,Never Have to be Alone,Cece Winans
Best Contemporary Christian Music Performance/Song,2017,Gospel/Contemporary Christian Music,What a Beautiful Name,Hillsong Worship
Best American Roots Performance,2017,American Roots Music,Killer Diller Blues,Alabama Shakes
Best American Roots Song,2017,American Roots Music,If We Were Vampires,Jason Isbell and the 400 Unit
Best Song Written For Visual Media,2017,Composing/Arranging,How Far I'll Go,Auli'i Cravalho
Record Of The Year,2016,General,Hello,Adele
Song Of The Year,2016,General,Hello,Adele
Best Pop Solo Performance,2016,Pop,Hello,Adele
Best Pop Duo/Group Performance,2016,Pop,Stressed Out,Twenty One Pilots
Best Dance Recording,2016,Dance/Electronic Music,Don't Let Me Down,The Chainsmokers Featuring Daya
Best Rock Performance,2016,Rock,Blackstar,David Bowie
Best Metal Performance,2016,Rock,Dystopia,Megadeth
Best Rock Song,2016,Rock,Blackstar,David Bowie
Best R&B Performance,2016,R&B,Cranes in the Sky,Solange
Best Traditional R&B Performance,2016,R&B,Angel,Lalah Hathaway
Best R&B Song,2016,R&B,Lake by the Ocean,Maxwell
Best Rap Performance,2016,Rap,No Problem,Chance the Rapper Featuring Lil Wayne & 2 Chainz
Best Rap/Sung Performance,2016,Rap,Hotline Bling,Drake
Best Rap Song,2016,Rap,Hotline Bling,Drake
Best Country Solo Performance,2016,Country,My Church,Maren Morris
Best Country Duo/Group Performance,2016,Country,Jolene,Pentatonix Featuring Dolly Parton
Best Country Song,2016,Country,Humble and Kind,Tim Mcgraw
Best Improvised Jazz Solo,2016,Jazz,Iâ€™m so Lonesome i Could Cry,"John Scofield, Soloist"
Best Gospel Performance/Song,2016,Gospel/Contemporary Christian Music,God Provides,Tamela Mann
Best Contemporary Christian Music Performance/Song,2016,Gospel/Contemporary Christian Music,Thy will,Hillary Scott & the Scott Family
Best American Roots Performance,2016,American Roots Music,House of Mercy,Sarah Jarosz
Best American Roots Song,2016,American Roots Music,Kid Sister,The Time Jumpers
Best Song Written For Visual Media,2016,Composing/Arranging,Can't Stop the Feeling!,"Justin Timberlake, Anna Kendrick, Gwen Stefani, James Corden, Zooey Deschanel, Walt Dohrn, Ron Funches, Caroline Hjelt, Aino Jawo, Christopher Mintz-Plasse & Kunal Nayyar"
Record Of The Year,2015,General,Uptown Funk,Mark Ronson Featuring Bruno Mars
Song Of The Year,2015,General,Thinking Out Loud,"d Sheeran & Amy Wadge, Songwriters"
Best Pop Solo Performance,2015,Pop,Thinking Out Loud,Ed Sheeran
Best Pop Duo/Group Performance,2015,Pop,Uptown Funk,Mark Ronson Featuring Bruno Mars
Best Dance Recording,2015,Dance/Electronic Music,where are Ã¼ Now,Skrillex and Diplo with Justin Bieber
Best Rock Performance,2015,Rock,Don't Wanna Fight,Alabama Shakes
Best Metal Performance,2015,Rock,Cirice,Ghost
Best Rock Song,2015,Rock,Don't Wanna Fight,"Labama Shakes (Zac Cockrell, Heath Fogg, Brittany Howard & Steve Johnson), Songwriters"
Best R&B Performance,2015,R&B,Earned it (Fifty Shades of Grey),The Weeknd
Best Traditional R&B Performance,2015,R&B,Little Ghetto Boy,Lalah Hathaway
Best R&B Song,2015,R&B,Really Love,"'Angelo, Gina Figueroa & Kendra Foster, Songwriters"
Best Rap Performance,2015,Rap,Alright,Kendrick Lamar
Best Rap Song,2015,Rap,Alright,"Endrick Duckworth, Kawan Prather, Mark Anthony Spears & Pharrell Williams, Songwriters"
Best Country Solo Performance,2015,Country,Traveller,Chris Stapleton
Best Country Duo/Group Performance,2015,Country,Girl Crush,Little Big Town
Best Country Song,2015,Country,Girl Crush,"Illary Lindsey, Lori Mckenna & Liz Rose, Songwriters"
Best Improvised Jazz Solo,2015,Jazz,Cherokee,"Christian Mcbride, Soloist"
Best Gospel Performance/Song,2015,Gospel/Contemporary Christian Music,Wanna be Happy?,Kirk Franklin
Best Contemporary Christian Music Performance/Song,2015,Gospel/Contemporary Christian Music,Holy Spirit,"Francesca Battistelli, Artist"
Best American Roots Performance,2015,American Roots Music,See that My Grave is Kept Clean,Mavis Staples
Best American Roots Song,2015,American Roots Music,24 Frames,"Ason Isbell, Songwriter"
Best Song Written For Visual Media,2015,Composing/Arranging,Glory,"Onnie Lynn, Che Smith & John Stephens, Songwriters"
Record Of The Year,2014,General,Stay with Me (Darkchild Version),Sam Smith
Song Of The Year,2014,General,Stay with Me (Darkchild Version),Sam Smith
Best Pop Solo Performance,2014,Pop,Happy (Live),Pharrell Williams
Best Pop Duo/Group Performance,2014,Pop,Say Something,"a Great Big World (Ian Axel & Chad Vaccarino) & Christina Aguilera, Artists"
Best Dance Recording,2014,Dance/Electronic Music,Rather be,Clean Bandit Featuring Jess Glynne
Best Rock Performance,2014,Rock,Lazaretto,"Jack White, Artist"
Best Metal Performance,2014,Rock,The Last in Line,"Tenacious d (Jack Black & Kyle Gass), Artists"
Best Rock Song,2014,Rock,Ain't it Fun,Paramore
Best R&B Performance,2014,R&B,Drunk in Love,"BeyoncÃ© & Jay Z, Artists (BeyoncÃ© Featuring Jay z)"
Best Traditional R&B Performance,2014,R&B,Jesus Children,"Lalah Hathaway, Robert Glasper Experiment (Casey Benjamin, Mark Colenburg, Robert Glasper & Derrick Hodge) & Malcolm-Jamal Warner, Artists"
Best R&B Song,2014,R&B,Drunk in Love,
Best Rap Performance,2014,Rap,i,Kendrick Lamar
Best Rap Song,2014,Rap,i,Kendrick Lamar
Best Country Solo Performance,2014,Country,Something in the Water,"Carrie Underwood, Artist"
Best Country Duo/Group Performance,2014,Country,Gentle on My Mind,"The Band Perry (Kimberly Perry, Neil Perry & Reid Perry), Artists"
Best Country Song,2014,Country,I'm not Gonna Miss you,Glen Campbell
Best Improvised Jazz Solo,2014,Jazz,Fingerprints,"Chick Corea, Soloist"
Best Gospel Performance/Song,2014,Gospel/Contemporary Christian Music,No Greater Love,Smokie Norful
Best Contemporary Christian Music Performance/Song,2014,Gospel/Contemporary Christian Music,Messengers,Lecrae Featuring for King & Country
Best American Roots Performance,2014,American Roots Music,a Feather's not a Bird,"Rosanne Cash, Artist"
Best American Roots Song,2014,American Roots Music,a Feather's not a Bird,
Best Song Written For Visual Media,2014,Composing/Arranging,Let it Go,Idina Menzel
Record Of The Year,2013,General,Get Lucky,Daft punkÂ featuring Pharrell Williams & Nile Rodgers
Song Of The Year,2013,General,Royals,
Best Pop Solo Performance,2013,Pop,Royals,Lorde
Best Pop Duo/Group Performance,2013,Pop,Get Lucky,Daft punkÂ featuring Pharrell Williams & Nile Rodgers
Best Dance Recording,2013,Dance/Electronic Music,Clarity,Zedd Featuring Foxes
Best Rock Performance,2013,Rock,Radioactive,Imagine Dragons
Best Metal Performance,2013,Rock,God is Dead?,Black Sabbath
Best Rock Song,2013,Rock,Cut Me some Slack,
Best R&B Performance,2013,R&B,Something,Snarky Puppy with Lalah Hathaway
Best Traditional R&B Performance,2013,R&B,Please Come Home,Gary Clark Jr
Best R&B Song,2013,R&B,Pusher Love Girl,
Best Rap Performance,2013,Rap,Thrift Shop,Macklemore & Ryan lewisÂ featuring Wanz
Best Rap Song,2013,Rap,Thrift Shop,
Best Country Solo Performance,2013,Country,Wagon Wheel,Darius Rucker
Best Country Duo/Group Performance,2013,Country,From this Valley,The Civil Wars
Best Country Song,2013,Country,Merry Go 'Round,
Best Improvised Jazz Solo,2013,Jazz,Orbits,"Wayne Shorter, Soloist"
Best American Roots Song,2013,American Roots Music,Love Has Come for you,
Best Song Written For Visual Media,2013,Composing/Arranging,Skyfall,
Record Of The Year,2012,General,Somebody that i Used to Know,Gotye Featuring Kimbra
Song Of The Year,2012,General,We are Young,Fun Featuring Janelle MonÃ¡e
Best Pop Solo Performance,2012,Pop,Set Fire to the Rain [live],Adele
Best Pop Duo/Group Performance,2012,Pop,Somebody that i Used to Know,Gotye Featuring Kimbra
Best Dance Recording,2012,Dance/Electronic Music,Bangarang,skrillexÂ featuring Sirah
Best Rock Performance,2012,Rock,Lonely Boy,The Black Keys
Best Rock Song,2012,Rock,Lonely Boy,The Black Keys
Best R&B Performance,2012,R&B,Climax,Usher
Best Traditional R&B Performance,2012,R&B,Love on Top,beyoncÃ©
Best R&B Song,2012,R&B,Adorn,Miguel
Best Rap Performance,2012,Rap,N****s in Paris,Jay-z & Kanye West
Best Rap Song,2012,Rap,N****s in Paris,"Wa. Donaldson, Songwriter) (Jay-z & Kanye West"
Best Country Solo Performance,2012,Country,Blown Away,Carrie Underwood
Best Country Duo/Group Performance,2012,Country,Pontoon,Little Big Town
Best Country Song,2012,Country,Blown Away,Carrie Underwood
Best Improvised Jazz Solo,2012,Jazz,Hot House,"Chick Corea, Soloists"
Best Song Written For Visual Media,2012,Composing/Arranging,Safe & Sound (from the Hunger Games),
Record Of The Year,2011,General,Rolling in the Deep,Adele
Song Of The Year,2011,General,Rolling in the Deep,Adele
Best Pop Solo Performance,2011,Pop,Someone Like you,Adele
Best Pop Duo/Group Performance,2011,Pop,Body and Soul,Tony Bennett & Amy Winehouse
Best Dance Recording,2011,Dance/Electronic Music,Scary Monsters and Nice Sprites,Skrillex
Best Rock Performance,2011,Rock,Walk,Foo Fighters
Best Rock Song,2011,Rock,Walk,Foo Fighters
Best R&B Performance,2011,R&B,Is this Love,Corinne Bailey Rae
Best Traditional R&B Performance,2011,R&B,Fool for you,Cee Lo Green & Melanie Fiona
Best R&B Song,2011,R&B,Fool for you,Cee Lo Green & Melanie Fiona
Best Rap Performance,2011,Rap,Otis,Jay-z & Kanye West
Best Rap Song,2011,Rap,all of the Lights,"Kanye West, Rihanna, Kid Cudi & Fergie"
Best Country Solo Performance,2011,Country,Mean,Taylor Swift
Best Country Duo/Group Performance,2011,Country,Barton Hollow,The Civil Wars
Best Country Song,2011,Country,Mean,Taylor Swift
Best Improvised Jazz Solo,2011,Jazz,500 Miles High,"Chick Corea, Soloist"
Best Song Written For Visual Media,2011,Composing/Arranging,i See the Light (from Tangled),Mandy Moore & Zachary Levi
Record Of The Year,2010,General,Need you Now,Lady Antebellum
Song Of The Year,2010,General,Need you Now,Lady Antebellum
Best Female Pop Vocal Performance,2010,Pop,Bad Romance,Lady Gaga
Best Male Pop Vocal Performance,2010,Pop,Just the Way you are,Bruno Mars
Best Pop Performance By A Duo Or Group With Vocals,2010,Pop,"Hey, Soul Sister (Live)",Train
Best Pop Collaboration With Vocals,2010,Pop,Imagine,"Herbie Hancock, Pink, Indiaarie, Seal, Konono No 1, Jeff Beck & Oumou Sangare"
Best Dance Recording,2010,Dance/Electronic Music,Only Girl (in the World),Rihanna
Best Hard Rock Performance,2010,Rock,New Fang,Them Crooked Vultures
Best Metal Performance,2010,Rock,El Dorado,Iron Maiden
Best Rock Song,2010,Rock,Angry World,Neil Young
Best Female R&B Vocal Performance,2010,R&B,Bittersweet,Fantasia
Best Male R&B Vocal Performance,2010,R&B,There Goes My Baby,Usher
Best R&B Performance By A Duo Or Group With Vocals,2010,R&B,Soldier of Love,Sade
Best Urban/Alternative Performance,2010,R&B,Fuck you,Cee Lo Green
Best R&B Song,2010,R&B,Shine,John Legend & the Roots
Best Rap Solo Performance,2010,Rap,Not Afraid,Eminem
Best Rap Performance By A Duo Or Group,2010,Rap,On to the Next One,Jay-z & Swizz Beatz
Best Rap Song,2010,Rap,Empire State of Mind,"Burt Keyes & Sylvia Robinson, Songwriters"
Best Female Country Vocal Performance,2010,Country,The House that Built Me,Miranda Lambert
Best Male Country Vocal Performance,2010,Country,'Til Summer Comes Around,Keith Urban
Best Country Song,2010,Country,Need you Now,Lady Antebellum
Best Improvised Jazz Solo,2010,Jazz,a Change is Gonna Come,"Herbie Hancock, Soloist"
Record Of The Year,2009,General,Use Somebody,Kings of Leon
Song Of The Year,2009,General,Single Ladies (Put a Ring on it),beyoncÃ©
Best Female Pop Vocal Performance,2009,Pop,Halo,beyoncÃ©
Best Male Pop Vocal Performance,2009,Pop,Make it Mine,Jason Mraz
Best Pop Performance By A Duo Or Group With Vocals,2009,Pop,i Gotta Feeling,The Black Eyed Peas
Best Pop Collaboration With Vocals,2009,Pop,Lucky,Jason Mraz & Colbie Caillat
Best Dance Recording,2009,Dance/Electronic Music,Poker Face,Lady Gaga
Best Hard Rock Performance,2009,Rock,War Machine,Ac/Dc
Best Metal Performance,2009,Rock,Dissident Aggressor,Judas Priest
Best Rock Song,2009,Rock,Use Somebody,Kings of Leon
Best Female R&B Vocal Performance,2009,R&B,Single Ladies (Put a Ring on it),beyoncÃ©
Best Male R&B Vocal Performance,2009,R&B,Pretty Wings,Maxwell
Best R&B Performance By A Duo Or Group With Vocals,2009,R&B,Blame it,Jamie Foxx & t-Pain
Best Urban/Alternative Performance,2009,R&B,Pearls,IndiaarieÂ & Dobet Gnahore
Best R&B Song,2009,R&B,Single Ladies (Put a Ring on it),beyoncÃ©
Best Rap Solo Performance,2009,Rap,D.o.a. (Death of Auto-Tune),Jay-z
Best Rap Performance By A Duo Or Group,2009,Rap,Crack a Bottle,"Eminem, Dr Dre & 50 Cent"
Best Rap Song,2009,Rap,Run this Town,"Jay-z), Robyn Fenty, Kanye West & Ernest Wilson, Songwriters (Athanasios Alatas, Songwriter) (Jay-Z, Rihanna & Kanye West"
Best Female Country Vocal Performance,2009,Country,White Horse,Taylor Swift
Best Male Country Vocal Performance,2009,Country,Sweet Thing,Keith Urban
Best Country Song,2009,Country,White Horse,Taylor Swift
Best Improvised Jazz Solo,2009,Jazz,Dancin' 4 Chicken,"Terence Blanchard, Soloist"
Record Of The Year,2008,General,Please Read the Letter,Alison Krauss
Song Of The Year,2008,General,Viva La Vida,Coldplay
Best Female Pop Vocal Performance,2008,Pop,Chasing Pavements,Adele
Best Male Pop Vocal Performance,2008,Pop,Say,John Mayer
Best Pop Performance By A Duo Or Group With Vocals,2008,Pop,Viva La Vida,Coldplay
Best Pop Collaboration With Vocals,2008,Pop,Rich Woman,Alison Krauss
Best Dance Recording,2008,Dance/Electronic Music,Harder Better Faster Stronger,Daft Punk
Best Hard Rock Performance,2008,Rock,Wax Simulacra,The Mars Volta
Best Metal Performance,2008,Rock,My Apocalypse,Metallica
Best Rock Song,2008,Rock,Girls in their Summer Clothes,Bruce Springsteen
Best Female R&B Vocal Performance,2008,R&B,Superwoman,Alicia Keyss
Best Male R&B Vocal Performance,2008,R&B,Miss Independent,Ne-Yo
Best R&B Performance By A Duo Or Group With Vocals,2008,R&B,Stay with Me (by the Sea),John Legend
Best Urban/Alternative Performance,2008,R&B,Be Ok,Willi.am
Best R&B Song,2008,R&B,Miss Independent,Ne-Yo
Best Rap Solo Performance,2008,Rap,a Milli,Lil Wayne
Best Rap Performance By A Duo Or Group,2008,Rap,Swagga Like Us,Jay-z & Ti. Featuring Kanye West & Lil Wayne
Best Rap Song,2008,Rap,Lollipop,Lil Wayne Featuring Static Major
Best Female Country Vocal Performance,2008,Country,Last Name,Carrie Underwood
Best Male Country Vocal Performance,2008,Country,Letter to Me,Brad Paisley
Best Country Song,2008,Country,Stay,Sugarland
Record Of The Year,2007,General,Rehab,Amy Winehouse
Song Of The Year,2007,General,Rehab,Amy Winehouse
Best Female Pop Vocal Performance,2007,Pop,Rehab,Amy Winehouse
Best Male Pop Vocal Performance,2007,Pop,What Goes Around...comes Around,Justin Timberlake
Best Pop Performance By A Duo Or Group With Vocals,2007,Pop,Makes Me Wonder,Maroon 5
Best Pop Collaboration With Vocals,2007,Pop,Gone Gone Gone (Done Moved on),Alison Krauss
Best Dance Recording,2007,Dance/Electronic Music,Lovestoned/i Think She Knows,Justin Timberlake
Best Hard Rock Performance,2007,Rock,The Pretender,Foo Fighters
Best Metal Performance,2007,Rock,Final Six,Slayer
Best Rock Song,2007,Rock,Radio Nowhere,Bruce Springsteen
Best Female R&B Vocal Performance,2007,R&B,No One,Alicia Keys
Best Male R&B Vocal Performance,2007,R&B,Future Baby Mama,Prince
Best R&B Performance By A Duo Or Group With Vocals,2007,R&B,Disrespectful,Mary j Blige
Best Urban/Alternative Performance,2007,R&B,Daydreamin',Lupe Fiasco Featuring Jill Scott
Best R&B Song,2007,R&B,No One,Alicia Keys
Best Rap Solo Performance,2007,Rap,Stronger,Kanye West
Best Rap Performance By A Duo Or Group,2007,Rap,Southside,Common Featuring Kanye West
Best Rap Song,2007,Rap,Good Life,Kanye West Featuring t-Pain
Best Female Country Vocal Performance,2007,Country,Before He Cheats,Carrie Underwood
Best Male Country Vocal Performance,2007,Country,Stupid Boy,Keith Urban
Best Country Song,2007,Country,Before He Cheats,Carrie Underwood
Record Of The Year,2006,General,Not Ready to Make Nice,Dixie Chicks
Song Of The Year,2006,General,Not Ready to Make Nice,Dixie Chicks
Best Female Pop Vocal Performance,2006,Pop,Ain't No Other Man,Christina Aguilera
Best Male Pop Vocal Performance,2006,Pop,Waiting on the World to Change,John Mayer
Best Pop Performance By A Duo Or Group With Vocal,2006,Pop,My Humps,The Black Eyed Peas
Best Pop Collaboration With Vocals,2006,Pop,For Once in My Life,Tony Bennett & Stevie Wonder
Best Dance Recording,2006,Dance/Electronic Music,Sexy Back,Justin timberlakeÂ & Timbaland
Best Rock Performance By A Duo Or Group With Vocal,2006,Rock,Dani California,Red Hot Chili Peppers
Best Hard Rock Performance,2006,Rock,Woman,Wolfmother
Best Metal Performance,2006,Rock,Eyes of the Insane,Slayer
Best Rock Song,2006,Rock,Dani California,Red Hot Chili Peppers
Best Female R&B Vocal Performance,2006,R&B,Be without you,Mary j Blige
Best Male R&B Vocal Performance,2006,R&B,Heaven,John Legend
Best R&B Performance By A Duo Or Group With Vocals,2006,R&B,Family Affair,"John Legend, Joss Stone with Van Hunt"
Best Urban/Alternative Performance,2006,R&B,Crazy,Gnarls Barkley
Best R&B Song,2006,R&B,Be without you,Mary j Blige
Best Rap Solo Performance,2006,Rap,What you Know,Ti.
Best Rap Performance By A Duo Or Group,2006,Rap,Ridin,Chamillionaire Featuring Krayzie Bone
Best Rap Song,2006,Rap,Money Maker,Ludacris Featuring Pharrell
Best Female Country Vocal Performance,2006,Country,"Jesus, Take the Wheel",Carrie Underwood
Best Male Country Vocal Performance,2006,Country,The Reason Why,Vince Gill
Best Country Song,2006,Country,"Jesus, Take the Wheel",Carrie Underwood
Record Of The Year,2005,General,Boulevard of Broken Dreams,Green Day
Song Of The Year,2005,General,Sometimes you Can't Make it on your Own,"Bono, Adam Clayton, Edge, Larry Mullen Jr), Songwriters (U2"
Best Female Pop Vocal Performance,2005,Pop,Since u Been Gone,Kelly Clarkson
Best Male Pop Vocal Performance,2005,Pop,From the Bottom of My Heart,Stevie Wonder
Best Pop Performance By A Duo Or Group With Vocal,2005,Pop,this Love,Maroon 5
Best Pop Collaboration With Vocals,2005,Pop,Feel Good Inc.,Gorillaz Featuring De La Soul
Best Dance Recording,2005,Dance/Electronic Music,Galvanize,The Chemical Brothers Featuring q-Tip
Best Rock Performance By A Duo Or Group With Vocal,2005,Rock,Sometimes you Can't Make it on your Own,U2
Best Hard Rock Performance,2005,Rock,B.y.o.b.,System of a Down
Best Metal Performance,2005,Rock,Before i Forget,Slipknot
Best Rock Song,2005,Rock,City of Blinding Lights,"Bono, Adam Clayton, Edge, Larry Mullen Jr), Songwriter (U2"
Best Female R&B Vocal Performance,2005,R&B,We Belong Together,Mariah Carey
Best Male R&B Vocal Performance,2005,R&B,Ordinary People,John Legend
Best R&B Performance By A Duo Or Group With Vocals,2005,R&B,So Amazing,beyoncÃ© & Stevie Wonder
Best Urban/Alternative Performance,2005,R&B,Welcome to Jamrock,Damian Marley
Best R&B Song,2005,R&B,We Belong Together,Mariah Carey
Best Rap Solo Performance,2005,Rap,Gold Digger,Kanye West
Best Rap Performance By A Duo Or Group,2005,Rap,Don't Phunk with My Heart,The Black Eyed Peas
Best Rap Song,2005,Rap,Diamonds from Sierra Leone,Kanye West
Best Female Country Vocal Performance,2005,Country,The Connection,Emmylou Harris
Best Male Country Vocal Performance,2005,Country,You'll Think of Me,Keith Urban
Best Country Song,2005,Country,Bless the Broken Road,Rascal Flatts
Record Of The Year,2004,General,Here We Go Again,Norah Jones
Song Of The Year,2004,General,Daughters,John Mayer
Best Female Pop Vocal Performance,2004,Pop,Sunrise,Norah Jones
Best Male Pop Vocal Performance,2004,Pop,Daughters,John Mayer
Best Pop Performance By A Duo Or Group With Vocal,2004,Pop,Heaven,Los Lonely Boys
Best Pop Collaboration With Vocals,2004,Pop,Here We Go Again,Norah Jones
Best Dance Recording,2004,Dance/Electronic Music,Toxic,Britney Spears
Best Rock Performance By A Duo Or Group With Vocal,2004,Rock,Vertigo,U2
Best Hard Rock Performance,2004,Rock,Slither,Velvet Revolver
Best Metal Performance,2004,Rock,Whiplash,motÃ¶rhead
Best Rock Song,2004,Rock,Vertigo,"Bono, Adam Clayton, the Edge, Larry Mullen, Jr), Songwriter (U2"
Best Female R&B Vocal Performance,2004,R&B,If i Ain't Got you,Alicia Keys
Best Male R&B Vocal Performance,2004,R&B,Call My Name,Prince
Best R&B Performance By A Duo Or Group With Vocals,2004,R&B,My Boo,Usher& Alicia Keys
Best Urban/Alternative Performance,2004,R&B,Cross My Mind,Jill Scott
Best R&B Song,2004,R&B,you Don't Know My Name,Alicia Keys
Best Rap Solo Performance,2004,Rap,99 Problems,Jay-z
Best Rap Performance By A Duo Or Group,2004,Rap,Let's Get it Started,The Black Eyed Peas
Best Rap Song,2004,Rap,Jesus Walks,Kanye West
Best Female Country Vocal Performance,2004,Country,Redneck Woman,Gretchen Wilson
Best Male Country Vocal Performance,2004,Country,Live Like you Were Dying,Tim Mcgraw
Best Country Song,2004,Country,Live Like you Were Dying,Tim Mcgraw
Record Of The Year,2003,General,Clocks,Coldplay
Song Of The Year,2003,General,Dance with My Father,Luther Vandross
Best Female Pop Vocal Performance,2003,Pop,Beautiful,Christina Aguilera
Best Male Pop Vocal Performance,2003,Pop,Cry Me a River,Justin Timberlake
Best Pop Performance By A Duo Or Group With Vocal,2003,Pop,Underneath it all,No Doubt
Best Pop Collaboration With Vocals,2003,Pop,Whenever i Say your Name,StingÂ & Mary j Blige
Best Dance Recording,2003,Dance/Electronic Music,Come into My World,Kylie Minogue
Best Female Rock Vocal Performance,2003,Rock,Trouble,Pink
Best Male Rock Vocal Performance,2003,Rock,Gravedigger,Dave Matthews
Best Rock Performance By A Duo Or Group With Vocal,2003,Rock,Disorder in the House,Bruce Springsteen
Best Hard Rock Performance,2003,Rock,Bring Me to Life,Evanescence Featuring Paul Mccoy
Best Metal Performance,2003,Rock,St. Anger,Metallica
Best Rock Song,2003,Rock,Seven Nation Army,The White Stripes
Best Female R&B Vocal Performance,2003,R&B,Dangerously in Love 2,beyoncÃ©
Best Male R&B Vocal Performance,2003,R&B,Dance with My Father,Luther Vandross
Best R&B Performance By A Duo Or Group With Vocals,2003,R&B,The Closer i Get to you,beyoncÃ© & Luther Vandross
Best Urban/Alternative Performance,2003,R&B,Hey Ya!,Outkast
Best R&B Song,2003,R&B,Crazy in Love,
Best Female Rap Solo Performance,2003,Rap,Work it,Missy Elliott
Best Male Rap Solo Performance,2003,Rap,Lose Yourself,Eminem
Best Rap Performance By A Duo Or Group,2003,Rap,Shake Ya Tailfeather,"Nelly, p Diddy & Murphy Lee"
Best Rap Song,2003,Rap,Lose Yourself,Eminem
Best Female Country Vocal Performance,2003,Country,Keep on the Sunny Side,June Carter Cash
Best Male Country Vocal Performance,2003,Country,Next Big Thing,Vince Gill
Best Country Song,2003,Country,It's Five O'clock Somewhere,Alan Jackson & Jimmy Buffett
Record Of The Year,2002,General,Don't Know Why,Norah Jones
Song Of The Year,2002,General,Don't Know Why,Norah Jones
Best Female Pop Vocal Performance,2002,Pop,Don't Know Why,Norah Jones
Best Male Pop Vocal Performance,2002,Pop,your Body is a Wonderland,John Mayer
Best Pop Performance By A Duo Or Group With Vocal,2002,Pop,Hey Baby,No Doubt
Best Pop Collaboration With Vocals,2002,Pop,The Game of Love,Carlos santanaÂ & Michelle Branch
Best Dance Recording,2002,Dance/Electronic Music,Days Go by,Dirty Vegas
Best Female Rock Vocal Performance,2002,Rock,Steve Mcqueen,Sheryl Crow
Best Male Rock Vocal Performance,2002,Rock,The Rising,Bruce Springsteen
Best Rock Performance By A Duo Or Group With Vocal,2002,Rock,In My Place,Coldplay
Best Hard Rock Performance,2002,Rock,all My Life,Foo Fighters
Best Metal Performance,2002,Rock,Here to Stay,Korn
Best Rock Song,2002,Rock,The Rising,Bruce Springsteen
Best Female R&B Vocal Performance,2002,R&B,He Think i Don't Know,Mary j Blige
Best Male R&B Vocal Performance,2002,R&B,u Don't Have to Call,Usher
Best Urban/Alternative Performance,2002,R&B,Little Things,Indiaarie
Best R&B Song,2002,R&B,Love of My Life (an Ode to Hip Hop),Erykah Badu Featuring Common
Best Female Rap Solo Performance,2002,Rap,Scream A.k.a. Itchin',Missy Elliott
Best Male Rap Solo Performance,2002,Rap,Hot in Herre,Nelly
Best Rap Performance By A Duo Or Group,2002,Rap,The Whole World,Outkast Featuring Killer Mike
Best Female Country Vocal Performance,2002,Country,Cry,Faith Hill
Best Male Country Vocal Performance,2002,Country,Give My Love to Rose,Johnny Cash
Best Country Song,2002,Country,where Were you (when the World Stopped Turning),Alan Jackson
Record Of The Year,2001,General,Walk on,U2
Song Of The Year,2001,General,Fallin',Alicia Keys
Best Female Pop Vocal Performance,2001,Pop,I'm Like a Bird,Nelly Furtado
Best Male Pop Vocal Performance,2001,Pop,Don't Let Me be Lonely Tonight,James Taylor
Best Pop Performance By A Duo Or Group With Vocal,2001,Pop,Stuck in a Moment you Can't Get Out of,U2
Best Pop Collaboration With Vocals,2001,Pop,Lady Marmalade,"Christina Aguilera, Lil' Kim, Mya & Pink"
Best Dance Recording,2001,Pop,all for you,Janet Jackson
Best Female Rock Vocal Performance,2001,Rock,Get Right with God,Lucinda Williams
Best Male Rock Vocal Performance,2001,Rock,Dig in,Lenny Kravitz
Best Rock Performance By A Duo Or Group With Vocal,2001,Rock,Elevation,U2
Best Hard Rock Performance,2001,Rock,Crawling,Linkin Park
Best Metal Performance,2001,Rock,Schism,Tool
Best Rock Song,2001,Rock,Drops of Jupiter,Train
Best Female R&B Vocal Performance,2001,R&B,Fallin',Alicia Keys
Best Male R&B Vocal Performance,2001,R&B,u Remind Me,Usher
Best R&B Song,2001,R&B,Fallin',Alicia Keys
Best Rap Solo Performance,2001,Rap,Get Ur Freak on,"Missy ""Misdemeanor"" Elliott"
Best Rap Performance By A Duo Or Group,2001,Rap,Ms. Jackson,Outkast
Best Female Country Vocal Performance,2001,Country,Shine,Dolly Parton
Best Male Country Vocal Performance,2001,Country,o Death,Ralph Stanley
Best Country Song,2001,Country,The Lucky One,Alison Krauss & Union Station
Record Of The Year,2000,General,Beautiful Day,U2
Song Of The Year,2000,General,Beautiful Day,"Bono, Adam Clayton, Edge, Larry Mullen Jr), Songwriter (U2"
Best Female Pop Vocal Performance,2000,Pop,i Try,Macy Gray
Best Male Pop Vocal Performance,2000,Pop,She Walks this Earth (Soberana Rosa),Sting
Best Pop Performance By A Duo Or Group With Vocal,2000,Pop,Cousin Dupree,Steely Dan
Best Pop Collaboration With Vocals,2000,Pop,"Is you Is, or is you Ain't (My Baby)",Bb. KingÂ & Dr. John
Best Dance Recording,2000,Pop,Who Let the Dogs Out,Baha Men
Best Female Rock Vocal Performance,2000,Rock,There Goes the Neighborhood,Sheryl Crow
Best Male Rock Vocal Performance,2000,Rock,Again,Lenny Kravitz
Best Rock Performance By A Duo Or Group With Vocal,2000,Rock,Beautiful Day,U2
Best Hard Rock Performance,2000,Rock,Guerrilla Radio,Rage Against the Machine
Best Metal Performance,2000,Rock,Elite,Deftones
Best Rock Song,2000,Rock,With Arms Wide Open,Creed
Best Female R&B Vocal Performance,2000,R&B,He Wasn't Man Enough,Toni Braxton
Best Male R&B Vocal Performance,2000,R&B,Untitled (How Does it Feel),D'angelo
Best R&B Song,2000,R&B,Say My Name,Destiny's Child
Best Rap Solo Performance,2000,Rap,The Real Slim Shady,Eminem
Best Rap Performance By A Duo Or Group,2000,Rap,Forgot About Dre,Dr Dre Featuring Eminem
Best Female Country Vocal Performance,2000,Country,Breathe,Faith Hill
Best Male Country Vocal Performance,2000,Country,Solitary Man,Johnny Cash
Best Country Song,2000,Country,i Hope you Dance,Lee Ann Womack
Record Of The Year,1999,General,Smooth,santanaÂ featuring Rob Thomas
Song Of The Year,1999,General,Smooth,Santana Featuring Rob Thomas
Best Female Pop Vocal Performance,1999,Pop,i will Remember you,Sarah Mclachlan
Best Male Pop Vocal Performance,1999,Pop,Brand New Day,Sting
Best Pop Performance By A Duo Or Group With Vocal,1999,Pop,Maria Maria,Santana
Best Pop Collaboration With Vocals,1999,Pop,Smooth,santanaÂ featuring Rob Thomas
Best Dance Recording,1999,Pop,Believe,Cher
Best Female Rock Vocal Performance,1999,Rock,Sweet Child O' Mine,Sheryl Crow
Best Male Rock Vocal Performance,1999,Rock,American Woman,Lenny Kravitz
Best Rock Performance By A Duo Or Group With Vocal,1999,Rock,Put your Lights on,santanaÂ featuring Everlast
Best Hard Rock Performance,1999,Rock,Whiskey in the jar,Metallica
Best Metal Performance,1999,Rock,Iron Man,Black Sabbath
Best Rock Song,1999,Rock,Scar Tissue,Red Hot Chili Peppers
Best Female R&B Vocal Performance,1999,R&B,It's not Right but It's Okay,Whitney Houston
Best Male R&B Vocal Performance,1999,R&B,Staying Power,Barry White
Best Rap Solo Performance,1999,Rap,My Name is,Eminem
Best Rap Performance By A Duo Or Group,1999,Rap,you Got Me,The rootsÂ featuring Erykah Badu
Best Female Country Vocal Performance,1999,Country,Man! i Feel Like a Woman!,Shania Twain
Best Male Country Vocal Performance,1999,Country,Choices,George Jones
Best Country Song,1999,Country,Come on over,Shania Twain
